step,episode_reward
0.0,1.215341329574585
50000.0,1.3274867534637451
