step,episode_reward
0.0,7.879534721374512
50000.0,4.3496994972229
100000.0,7.277771472930908
