step,episode_reward
0.0,5.443021774291992
50000.0,10.198705673217773
100000.0,8.932340621948242
150000.0,9.346946716308594
200000.0,9.281476974487305
250000.0,8.379424095153809
300000.0,4.803596019744873
350000.0,4.847447395324707
400000.0,5.895807266235352
450000.0,3.4991540908813477
