step,episode_reward
0.0,1.189122200012207
50000.0,0.8158251047134399
100000.0,1.1748520135879517
